benchmark,backbone,n,fixed_nll,eed_nll,delta_nll,accuracy_percent,seed
RunBugRun,DeepSeek,1,0.4696,0.4696,0.0000,90.7,1701
RunBugRun,DeepSeek,2,0.3656,0.3646,0.0010,90.9,1701
RunBugRun,DeepSeek,4,0.2703,0.2693,0.0010,92.2,1701
RunBugRun,DeepSeek,8,0.2160,0.2114,0.0046,93.2,1701
RunBugRun,Qwen,1,0.4737,0.4737,0.0000,90.6,1701
RunBugRun,Qwen,2,0.3292,0.3291,0.0001,91.4,1701
RunBugRun,Qwen,4,0.2704,0.2704,0.0000,91.5,1701
RunBugRun,Qwen,8,0.2188,0.2113,0.0075,92.5,1701
CodeARC,DeepSeek,1,0.7103,0.7103,0.0000,83.3,1701
CodeARC,DeepSeek,2,0.5440,0.5440,0.0000,83.9,1701
CodeARC,DeepSeek,4,0.4149,0.4149,0.0000,84.7,1701
CodeARC,DeepSeek,8,0.3005,0.2892,0.0113,88.8,1701
CodeARC,Qwen,1,0.7785,0.7785,0.0000,80.5,1701
CodeARC,Qwen,2,0.6176,0.6176,0.0000,81.0,1701
CodeARC,Qwen,4,0.4725,0.4727,-0.0002,83.7,1701
CodeARC,Qwen,8,0.3439,0.3415,0.0024,86.6,1701
